{
    "arm64": {
        "1": 1.0,
        "2": 2.0,
        "4": 4.0,
        "8": 8.0,
        "16": 16.0,
        "32": 32.0,
        "48": 48.0,
        "64": 64.0
    },
    "x86_64": {
        "2": 2.0,
        "4": 4.0,
        "8": 8.0,
        "16": 16.0,
        "32": 32.0,
        "36": 36.0,
        "64": 64.0
    },
    "x86_64_gpu": {
        "4": 4.0,
        "8": 8.0,
        "16": 16.0,
        "32": 32.0,
        "48": 48.0,
        "64": 64.0
    },
    "fargate": {
        "0.0505600000": 1.0,
        "0.1011200000": 2.0,
        "0.2022400000": 4.0,
        "0.4044800000": 8.0,
        "0.8089600000": 16.0
    },
    "ephemeral": 1.0,
    "network": {
        "DataTransfer-Regional-Bytes": 1.0,
        "DataTransfer-Out-Bytes": 1.0,
        "AWS-Out-Bytes": 1.0
    },
    "s3": 1.0,
    "efs": 1.0
}